# Sentences written for this pack (machine-authored MSA, not native-reviewed):
# example sentences for words Tatoeba leaves with fewer than two usable
# sentences. text<TAB>English. They ship with "src":"gen", are tagged apart
# from the corpus and never enter the frequency pass (base.example_rows).
# 4-9 words; sentences for B1 words have at least 5.
مساء الخير يا أستاذ أحمد.	Good evening, Mr Ahmed.
قال المعلم للطلاب: السلام عليكم.	The teacher said to the students: hello.
الحمد لله، أنا بخير اليوم.	Thank God, I am fine today.
سافرنا إلى البحر في شهر يوليو.	We travelled to the sea in July.
يكون الجو حارا جدا في يوليو.	The weather is very hot in July.
يبدأ العام الدراسي في نوفمبر هنا.	The school year starts in November here.
عيد ميلاد أختي في فبراير.	My sister's birthday is in February.
نزور جدتي كل سنة في أغسطس.	We visit my grandmother every year in August.
عذرا، أين المحطة من فضلك؟	Excuse me, where is the station, please?
عذرا، لم أفهم السؤال.	Sorry, I did not understand the question.
الجو بارد في شهر ديسمبر.	The weather is cold in December.
تنتهي السنة في آخر ديسمبر.	The year ends at the end of December.
عمر أخي سبعة عشر عاما.	My brother is seventeen years old.
في الفصل تسعة عشر طالبا.	There are nineteen students in the class.
عندي درس يوم الأربعاء.	I have a lesson on Wednesday.
قال لي صديقي: مع السلامة.	My friend said to me: goodbye.
مع السلامة، أراك غدا.	Goodbye, see you tomorrow.
في الفريق أحد عشر لاعبا.	There are eleven players in the team.
اشتريت أحد عشر كتابا.	I bought eleven books.
عمر أبي أربعون سنة.	My father is forty years old.
في المدرسة أربعون معلما.	There are forty teachers in the school.
نأكل الرز مع اللحم.	We eat rice with meat.
أحب الرز والخبز كثيرا.	I like rice and bread a lot.
عمر جدي تسعون سنة.	My grandfather is ninety years old.
في القرية ثلاثة عشر بيتا.	There are thirteen houses in the village.
عمر ابنتي ثلاثة عشر عاما.	My daughter is thirteen years old.
دفعت ثمانين دينارا للحذاء.	I paid eighty dinars for the shoes.
عمر جدتي سبعون سنة.	My grandmother is seventy years old.
في الحديقة سبعون شجرة.	There are seventy trees in the garden.
أكلت الفطور مع أسرتي.	I ate breakfast with my family.
الفطور جاهز على الطاولة.	Breakfast is ready on the table.
أعطيت أمي وردة حمراء.	I gave my mother a red rose.
في الحديقة وردة جميلة.	There is a beautiful rose in the garden.
اكتب اسمك على هذه الورقة.	Write your name on this paper.
سقطت ورقة من الشجرة.	A leaf fell from the tree.
زار الوزير المدرسة أمس.	The minister visited the school yesterday.
سافرت إلى المدينة بواسطة القطار.	I travelled to the city by train.
الصيف هو موسم السفر.	Summer is the travel season.
بدأ موسم الأمطار هذا الشهر.	The rainy season began this month.
تكلم نائب الرئيس أمس.	The vice president spoke yesterday.
اجتمعت اللجنة يوم الاثنين.	The committee met on Monday.
وصل البلدان إلى اتفاق.	The two countries reached an agreement.
وقع الموظف عقد العمل.	The employee signed the work contract.
العقد لمدة سنة واحدة.	The contract is for one year.
خرجت من البيت إذ كان الجو جميلا.	I went out of the house, as the weather was nice.
حظي الفيلم بنجاح كبير.	The film enjoyed great success.
الوحدة القومية مهمة لكل بلد.	National unity is important for every country.
يلبس الولد سلسلة من الذهب.	The boy wears a gold chain.
هذه سلسلة كتب للأطفال.	This is a series of books for children.
رأيت مشهدا جميلا من النافذة.	I saw a beautiful view from the window.
هذا المشهد من الفيلم رائع.	This scene from the film is wonderful.
عقد التاجر صفقة كبيرة.	The merchant made a big deal.
كانت هذه صفقة جيدة.	This was a good deal.
طلب المدير تعديلا في الخطة.	The manager asked for a change in the plan.
شهد الرجل ما حدث في الشارع.	The man witnessed what happened in the street.
وضعت الأم شريطا أحمر على الهدية.	The mother put a red ribbon on the present.
استمعت إلى الشريط في السيارة.	I listened to the tape in the car.
فريقنا في الدوري الأول.	Our team is in the first league.
عندنا اجتماع دوري كل أسبوع.	We have a regular meeting every week.
هذا شرف كبير لي.	This is a great honour for me.
رمى الطفل حجرا في الماء.	The child threw a stone into the water.
ارسم دائرة على الورقة.	Draw a circle on the paper.
الطفل في رعاية جدته.	The child is in his grandmother's care.
يحتاج المريض إلى رعاية.	The patient needs care.
نشكركم كثيرا على التعاون.	We thank you very much for the cooperation.
التعاون بين الطلاب مهم.	Cooperation between students is important.
تراجع الجيش إلى المدينة.	The army fell back to the city.
تراجعت الأسعار هذا العام.	Prices went down this year.
أحب الطعام البحري كثيرا.	I like seafood a lot.
هذا هو سبيل النجاح.	This is the way to success.
بدأت الجلسة في الساعة التاسعة.	The session began at nine o'clock.
سمع الرئيس تهديدا من الجيران.	The president heard a threat from the neighbours.
بدأت الشركة تنفيذ المشروع الجديد أمس.	The company began carrying out the new project yesterday.
كانت ضربة الكرة قوية جدا.	The kick of the ball was very strong.
دخل نور الشمس إلى الغرفة صباحا.	Sunlight came into the room in the morning.
أرسلت الشركة تأكيد الحجز إلى بريدي.	The company sent the booking confirmation to my email.
أنا عضو في جمعية الطلاب.	I am a member of the students' association.
تساعد الجمعية الأسر الفقيرة في المدينة.	The association helps poor families in the city.
كانت الرحلة إلى الجبل مذهلة.	The trip to the mountain was amazing.
بدأ عهد جديد في البلد.	A new era began in the country.
وعد الرجل صديقه وحفظ العهد.	The man promised his friend and kept the pledge.
يحب الأب إعطاء الهدايا لأطفاله.	The father loves giving presents to his children.
يؤمن بعض الناس بالسحر حتى اليوم.	Some people believe in magic even today.
شاهدنا سباق السيارات على التلفزيون.	We watched the car race on television.
فاز أخي في السباق يوم الجمعة.	My brother won the race on Friday.
سمعنا في الأخبار عن تدمير الغابة.	We heard in the news about the destruction of the forest.
أخبرت الشرطة الأسرة بمقتل الرجل.	The police told the family of the man's death.
هو خبير في الاقتصاد والمال.	He is an expert in economics and finance.
حدد المعلم موعد الامتحان الأول.	The teacher set the date of the first exam.
كان تحرير المدينة صعبا جدا.	Freeing the city was very difficult.
أكلنا في مطعم يمني قرب البيت.	We ate at a Yemeni restaurant near the house.
صديقي طالب يمني في الجامعة.	My friend is a Yemeni student at the university.
المساعد يعمل مع الطبيب كل يوم.	The assistant works with the doctor every day.
أظهر الشعب مقاومة كبيرة للجيش.	The people showed great resistance to the army.
حضرنا احتفالا كبيرا في المدرسة.	We attended a big celebration at school.
هذا هو البنك المركزي في البلد.	This is the country's central bank.
تقع المحطة المركزية في وسط المدينة.	The central station is in the city centre.
دخل القاضي إلى المحكمة صباحا.	The judge entered the court in the morning.
حكم القاضي على الرجل بالسجن.	The judge sentenced the man to prison.
تشمل الرحلة زيارة المتحف والحديقة.	The trip includes a visit to the museum and the garden.
هذه أغنية سورية قديمة وجميلة.	This is an old and beautiful Syrian song.
الماء عنصر مهم جدا للحياة.	Water is a very important element for life.
أعمل في مكتب حكومي في المدينة.	I work in a government office in the city.
أرسلت الملف إلى المدير أمس.	I sent the file to the manager yesterday.
هرب المجرم من الشرطة في الليل.	The criminal escaped from the police at night.
أمسكت الشرطة المجرم في المحطة.	The police caught the criminal at the station.
لبست الفتاة ساعة ذهبية جميلة.	The girl wore a beautiful golden watch.
لعب الأطفال في الملعب بعد المدرسة.	The children played in the playground after school.
هذا الشراب بارد جدا ولذيذ.	This drink is very cold and delicious.
اتخذ المدير قرارا مهما أمس.	The manager made an important decision yesterday.
نريد العدل لجميع الناس في البلد.	We want justice for all the people in the country.
بث التلفزيون المباراة مساء أمس.	The television broadcast the match yesterday evening.
هذا الأمر خارج نطاق عملي.	This matter is outside the scope of my work.
دافع الجنود عن المدينة بشجاعة.	The soldiers defended the city bravely.
يدافع المحامي عن الرجل في المحكمة.	The lawyer defends the man in court.
أشكرك على تقديرك لعملي الجديد.	Thank you for your appreciation of my new work.
حدث خلاف بين الأخوين أمس.	A dispute happened between the two brothers yesterday.
قام الطبيب بتحليل الدم في المستشفى.	The doctor did a blood analysis at the hospital.
هذا تحليل جيد جدا للمشكلة.	This is a very good analysis of the problem.
كان اكتشاف النفط مهما للبلد.	The discovery of oil was important for the country.
هذا الأمر مرتبط بالعمل والمال.	This matter is related to work and money.
كل شيء في حياته مرتبط بالمال.	Everything in his life is connected to money.
المطر مستمر منذ الصباح الباكر.	The rain has continued since early morning.
العمل مستمر في المشروع الجديد.	Work on the new project is ongoing.
شكرا لكم على متابعة الدرس.	Thank you for following the lesson.
جلس الولد في زاوية الغرفة وحده.	The boy sat alone in the corner of the room.
رسم الطالب زاوية كبيرة على الورقة.	The student drew a big angle on the paper.
نأكل طعاما تقليديا في العيد.	We eat traditional food at the festival.
يتضمن الكتاب صورا كثيرة وجميلة.	The book contains many beautiful pictures.
انتشر الفيروس بسرعة في المدينة.	The virus spread quickly in the city.
هذا فيروس خطير على الأطفال.	This is a virus dangerous to children.
هذه منطقة صناعية خارج المدينة.	This is an industrial area outside the city.
اتخاذ القرار الصحيح ليس سهلا.	Making the right decision is not easy.
تعلمت اتخاذ القرارات وحدي في الجامعة.	I learned to make decisions alone at university.
بدأت المناقشة بعد الدرس مباشرة.	The discussion began right after the lesson.
كانت المناقشة مع المعلم مفيدة.	The discussion with the teacher was useful.
شاهدت مقطعا قصيرا من الفيلم.	I watched a short clip from the film.
هذه الكلمة الطويلة فيها ثلاثة مقاطع.	This long word has three syllables.
طلبت من المعلم السماح بالخروج.	I asked the teacher for permission to go out.
جاء قوم من بلد بعيد.	A people came from a distant country.
هو رجل مؤمن ويصلي كل يوم.	He is a believing man and prays every day.
وضعنا مخططا للرحلة إلى البحر.	We made a plan for the trip to the sea.
عند المهندس مخطط للبيت الجديد.	The engineer has a plan for the new house.
ركز الطالب على الدرس جيدا.	The student focused well on the lesson.
اشترى أبي سيارة كهربائية جديدة.	My father bought a new electric car.
شقيقي الأكبر يعمل في المدينة.	My older brother works in the city.
المنافسة بين الفريقين قوية جدا.	The competition between the two teams is very strong.
الدافع الذاتي مهم جدا للنجاح.	Self-motivation is very important for success.
في هذه المدينة ثقافات متعددة.	There are multiple cultures in this city.
لا صلة لي بهذا الأمر.	I have no connection to this matter.
ركبنا مركبة كبيرة إلى الجبل.	We rode in a big vehicle to the mountain.
صلى الرجل صلاة الفجر في المسجد.	The man prayed the dawn prayer in the mosque.
أطلق الجيش صاروخا في الصباح.	The army launched a rocket in the morning.
شاهدنا تغطية الأخبار على التلفزيون.	We watched the news coverage on television.
ألقى الإمام خطبة قصيرة يوم الجمعة.	The imam gave a short sermon on Friday.
يعمل الخادم في القصر منذ سنوات.	The servant has worked in the palace for years.
الخادم لا يعمل اليوم في الشركة.	The server is not working today at the company.
شكرا جزيلا على التوجيه والمساعدة.	Thank you very much for the guidance and help.
نحتاج إلى توجيه المعلم في الامتحان.	We need the teacher's guidance in the exam.
هذه مادة كيميائية خطيرة جدا.	This is a very dangerous chemical substance.
تعمل أختي في الصحافة منذ سنة.	My sister has worked in the press for a year.
الماء حيوي جدا لحياة الإنسان.	Water is very vital for human life.
عاش الرجل سنوات في الأسر.	The man lived for years in captivity.
الإرهاب خطر على جميع الناس.	Terrorism is a danger to all people.
غطت الثلوج الجبال في الشتاء.	Snow covered the mountains in winter.
غطى الطفل وجهه بيديه الصغيرتين.	The child covered his face with his small hands.
كان تشكيل الحكومة الجديدة صعبا.	Forming the new government was difficult.
البيت مكان آمن للأطفال.	The house is a safe place for children.
صح كل ما قاله المعلم.	Everything the teacher said was right.
هذا الجبل مرتفع جدا وجميل.	This mountain is very high and beautiful.
زرنا قبر جدي يوم الجمعة.	We visited my grandfather's grave on Friday.
القبر قرب المسجد في القرية.	The grave is near the mosque in the village.
حزن الأب على فقدان عمله.	The father was sad about the loss of his job.
أعلنت الشركة إلغاء الرحلة بسبب المطر.	The company announced the cancellation of the trip because of the rain.
أظهر الجندي شجاعة كبيرة في الحرب.	The soldier showed great courage in the war.
لم يعجبني تصرفه في الحفلة.	I did not like his behaviour at the party.
دخل شعاع من الشمس إلى الغرفة.	A ray of sunlight came into the room.
عندي إحساس جميل جدا اليوم.	I have a very beautiful feeling today.
لا أحد يعرف مصيره في الحياة.	No one knows his fate in life.
مصير الأسرة كلها بيد الأب.	The fate of the whole family is in the father's hand.
أبي تاجر في السوق منذ سنوات.	My father has been a merchant in the market for years.
اجتمع الناس في الميدان الكبير.	People gathered in the big square.
الميدان الكبير في وسط المدينة.	The big square is in the city centre.
كسر الطائر الصغير جناحه أمس.	The little bird broke its wing yesterday.
مسح الولد العرق عن جبهته.	The boy wiped the sweat from his forehead.
هي تدرس في مدرسة مهنية.	She studies at a vocational school.
هذا اسم شائع في مصر.	This is a common name in Egypt.
الصدق مبدأ مهم في الحياة.	Honesty is an important principle in life.
هذا مبدأ أساسي في العلم.	This is a basic principle in science.
لا أرى اختلافا بين الصورتين.	I do not see a difference between the two pictures.
الاختلاف بين اللغتين كبير جدا.	The difference between the two languages is very big.
رأينا فيلا كبيرا في حديقة الحيوانات.	We saw a big elephant at the zoo.
الإنسان كائن يحب الحياة مع الناس.	The human is a being who loves living with people.
هو وكيل الشركة في هذا البلد.	He is the company's agent in this country.
تحدثت مع وكيل السفر أمس.	I spoke with the travel agent yesterday.
هذا الطعام له طعم جميل جدا.	This food has a very nice taste.
مسحت الأم الطاولة بعد الغداء.	The mother wiped the table after lunch.
تحتاج النباتات إلى عناية كل يوم.	Plants need care every day.
يجري النهر في الوادي بين الجبال.	The river runs in the valley between the mountains.
ربط الرجل الحبل بالشجرة الكبيرة.	The man tied the rope to the big tree.
اشترينا حبلا طويلا من السوق.	We bought a long rope from the market.
أجاب الطالب عن السؤال بدقة.	The student answered the question accurately.
أيد الناس الرئيس الجديد في الانتخابات.	People supported the new president in the elections.
قال لي أبي: عيد مبارك.	My father said to me: blessed holiday.
نمو الأطفال سريع في السنة الأولى.	Children's growth is fast in the first year.
تعلمنا تقنية جديدة في العمل.	We learned a new technique at work.
التقنية الحديثة تساعدنا في الحياة.	Modern technology helps us in life.
سعر الخبز منخفض في هذا السوق.	The price of bread is low in this market.
تحب أختي التمثيل في المسرح.	My sister loves acting in the theatre.
صدر حكم قضائي في القضية أمس.	A court ruling was issued in the case yesterday.
كل قاعدة في اللغة لها استثناء.	Every rule in the language has an exception.
هو مرشح في انتخابات الرئاسة.	He is a candidate in the presidential elections.
أكلنا طعاما لبنانيا في المطعم.	We ate Lebanese food at the restaurant.
تكلم الابن نيابة عن أبيه.	The son spoke on behalf of his father.
طبع الطالب الواجب في المكتبة.	The student printed the homework at the library.
هذا عمل إنساني مهم جدا.	This is very important humanitarian work.
عند ابنتي موهبة في الرسم.	My daughter has a talent for drawing.
اشترى أبي حذاء بنيا جديدا.	My father bought new brown shoes.
تحدث العميل مع المدير عن الخدمة.	The customer spoke with the manager about the service.
كان الجمهور سعيدا بعد المباراة.	The audience was happy after the match.
شعر الرجل بضربة قوية على رأسه.	The man felt a strong blow on his head.
اشتريت تأمينا للسيارة الجديدة أمس.	I bought insurance for the new car yesterday.
صديقي السوري يعمل في المستشفى.	My Syrian friend works at the hospital.
هذا عمل دائم في شركة كبيرة.	This is a permanent job in a big company.
الخبز لين في الصباح دائما.	The bread is always soft in the morning.
شربنا شرابا باردا في الصيف.	We drank a cold drink in the summer.
العدل مهم جدا في كل بلد.	Justice is very important in every country.
سأنتظرك هنا طالما تحتاج إلي.	I will wait for you here as long as you need me.
لا توجد كهرباء في القرية.	There is no electricity in the village.
في جسم الإنسان خلايا كثيرة جدا.	There are very many cells in the human body.
أمي امرأة مؤمنة وطيبة جدا.	My mother is a very faithful and kind woman.
درسنا نظرية جديدة في الجامعة.	We studied a new theory at university.
استيقظت قبل الفجر لأدرس للامتحان.	I woke up before dawn to study for the exam.
أخرج الطفل لسانه للطبيب في المستشفى.	The child stuck out his tongue for the doctor at the hospital.
عندي ضمان للهاتف الجديد لمدة سنة.	I have a one-year guarantee for the new phone.
هذا الضمان لمدة سنتين فقط.	This guarantee is for two years only.
نحتاج مقدارا كبيرا من المال.	We need a large amount of money.
للطائرة جناحان كبيران وقويان جدا.	The plane has two very big, strong wings.
كان صوت المعلم منخفضا جدا اليوم.	The teacher's voice was very low today.
شعرت بألم حاد في رأسي.	I felt a sharp pain in my head.
هذا الباب الكبير من الحديد.	This big door is made of iron.
اشترى أبي كرسيا من الحديد.	My father bought a chair made of iron.
كان إيمان الرجل قويا جدا.	The man's faith was very strong.
أوى الأطفال إلى البيت في المساء.	The children went home in the evening.
كان ظهور المرض في المدينة سريعا.	The disease appeared quickly in the city.
نحتاج إلى توقيع المدير على الورقة.	We need the manager's signature on the paper.
هذا حيوان بري وخطير جدا.	This is a wild and very dangerous animal.
يدرس في هذه الجامعة نخبة الطلاب.	The best students study at this university.
هذه المدينة آمنة في الليل.	This city is safe at night.
هذا الكتاب لفئة الأطفال الصغار.	This book is for the group of young children.
أكلنا الدجاج مع الرز في الغداء.	We ate chicken with rice at lunch.
جلس الولد إلى جنب أبيه في السيارة.	The boy sat beside his father in the car.
شكر المدير كافة الموظفين في الشركة.	The manager thanked all the employees in the company.
شارك كافة الطلاب في الرحلة إلى البحر.	All the students took part in the trip to the sea.
طلب العمال زيادة في الراتب.	The workers asked for a pay rise.
هذا التهديد خطير جدا على الناس.	This threat is very dangerous for people.
رأينا شجرة عملاقة في الغابة أمس.	We saw a giant tree in the forest yesterday.
كان الخبر مؤلما جدا للعائلة كلها.	The news was very painful for the whole family.
كان الرجل متهما في قضية كبيرة.	The man was accused in a big case.
أصبح الطالب متهما بالسرقة أمام المحكمة.	The student became accused of theft before the court.
لا تعبث بهذه الأداة يا ولد.	Don't play with this tool, boy.
حينما وصلت إلى البيت، كانت أمي نائمة.	When I got home, my mother was asleep.
أشرب القهوة حينما أعمل في الصباح.	I drink coffee when I work in the morning.
افعل مثلما يفعل المعلم في الدرس.	Do as the teacher does in the lesson.
كان الطقس جميلا مثلما قال صديقي.	The weather was nice, just as my friend said.
أنا أحب الشاي، أما أخي فيحب القهوة.	I like tea; as for my brother, he likes coffee.
رأينا في الحديقة شجرة عملاقة وقديمة.	We saw a giant old tree in the park.
كسرت رجلي اليمنى في الملعب أمس.	I broke my right leg at the stadium yesterday.
اكتب اسمك باليد اليمنى من فضلك.	Write your name with your right hand, please.
يعيش في الصين أكثر من مليار شخص.	More than a billion people live in China.
عمر أخي أربعة عشر عامًا.	My brother is fourteen years old.
لبست أختي فستانًا بنفسجيًا جميلًا.	My sister wore a beautiful purple dress.
أصدرت الوزارة بيانًا صباح اليوم.	The ministry issued a statement this morning.
فاز الحزب الجديد في الانتخابات.	The new party won the elections.
يحب الناس وطنهم كثيرًا.	People love their homeland very much.
يعمل أبي في وكالة سفر.	My father works at a travel agency.
تحدث المعلم مع ولي أمر الطالب.	The teacher spoke with the student's guardian.
المحيط الهادئ هو أكبر محيط في العالم.	The Pacific Ocean is the largest ocean in the world.
يعيش كثير من العرب في هذه المدينة.	Many Arabs live in this city.
قرأ أخي كتابًا كبيرًا عن السحر.	My brother read a big book about magic.
عند هذا الطالب إيمان قوي بنفسه.	This student has strong faith in himself.
قرأت مقالًا علميًا عن النجوم.	I read a scientific article about the stars.
في هذه القصة الخير أقوى من الشر.	In this story good is stronger than evil.
قدم الوزير تصريحًا قصيرًا للصحفيين بعد الاجتماع.	The minister gave a short statement to the journalists after the meeting.
العمل في المشروع الجديد مستمر منذ سنة.	Work on the new project has been going on for a year.
كان الرجل الشرير في الفيلم مخيفًا.	The evil man in the film was scary.
كانت المنافسة بين الفريقين قوية.	The competition between the two teams was strong.
انظر إلى جدول الحصص على الحائط.	Look at the class schedule on the wall.
كتبت الطالبة اسمها في أول صفحة من مذكرتها.	The student wrote her name on the first page of her notebook.
رد الطفل التحية بابتسامة.	The child returned the greeting with a smile.
شاهدنا تغطية المباراة على التلفزيون.	We watched the coverage of the match on TV.
لا تلمس هذه المادة الكيميائية لأنها خطيرة.	Don't touch this chemical substance because it is dangerous.
دخل شعاع من الضوء إلى الغرفة.	A ray of light came into the room.
هذا اسم شائع في مصر.	This is a common name in Egypt.
تحتاج إزالة هذه البقعة إلى ماء ساخن.	The removal of this stain needs hot water.
يجب أن تذهب إلى الطبيب حالًا.	You must go to the doctor right away.
كانت المباراة أمس مليئة بالإثارة من البداية.	The match yesterday was full of excitement from the start.
كان الغطاء على السرير أزرق وجميلًا.	The blanket on the bed was blue and pretty.
في هذا الفصل يساعد الطلاب بعضهم بعضًا دائمًا.	In this class the students always help each other.
هل تعرف تعريف هذه الكلمة الجديدة؟	Do you know the definition of this new word?
يعمل أخي مصورًا في جريدة.	My brother works as a photographer at a newspaper.
انتظرت صديقي ربع ساعة أمام المطعم.	I waited for my friend for a quarter of an hour in front of the restaurant.
هذا تقليد قديم في قريتنا.	This is an old tradition in our village.
الدقيق هو أهم مكون في هذا الخبز.	Flour is the most important component in this bread.
رفض الرجل الاتهام أمام القاضي في المحكمة.	The man rejected the accusation before the judge in court.
أنا أعيش في مصر لكني من المغرب أصلًا.	I live in Egypt, but I am originally from Morocco.
في العالم اليوم أكثر من مليار سيارة.	There are more than a billion cars in the world today.
وصلتني رسالة مسجلة من البنك.	I received a registered letter from the bank.
حرق الرجل كل الأوراق القديمة في البيت.	The man burned all the old papers in the house.
لا أستطيع تصديق هذا الخبر.	I can't believe this news.
أضاف المعلم قليلًا من الحمض إلى الماء في المختبر.	The teacher added a little acid to the water in the lab.
